"seasonid","baseline","threshold","percent_pni","percent_complete","number_influenza","number_pneumonia","all_deaths","total_pni","weeknumber","geo_description","age_label","week_start","week_end","year_week_num","mmwrid","coverage_area","region_name","callout"
"62",0.054,0.058,0.06,1,28,3544,59540,3572,"40","National","All",2022-10-02,2022-10-08,40,"3171","national","national","At or Above Threshold"
"62",0.055,0.058,0.061,1,56,3557,59716,3613,"41","National","All",2022-10-09,2022-10-15,41,"3172","national","national","At or Above Threshold"
"62",0.056,0.059,0.065,1,57,3829,60076,3886,"42","National","All",2022-10-16,2022-10-22,42,"3173","national","national","At or Above Threshold"
"62",0.057,0.06,0.063,1,95,3664,60011,3759,"43","National","All",2022-10-23,2022-10-29,43,"3174","national","national","At or Above Threshold"
"62",0.058,0.061,0.064,1,156,3776,61006,3932,"44","National","All",2022-10-30,2022-11-05,44,"3175","national","national","At or Above Threshold"
"62",0.059,0.062,0.067,1,227,3857,61029,4084,"45","National","All",2022-11-06,2022-11-12,45,"3176","national","national","At or Above Threshold"
"62",0.06,0.063,0.068,1,258,3950,61604,4208,"46","National","All",2022-11-13,2022-11-19,46,"3177","national","national","At or Above Threshold"
"62",0.061,0.064,0.073,1,428,4304,64609,4732,"47","National","All",2022-11-20,2022-11-26,47,"3178","national","national","At or Above Threshold"
"62",0.062,0.065,0.084,1,851,4653,65759,5504,"48","National","All",2022-11-27,2022-12-03,48,"3179","national","national","At or Above Threshold"
"62",0.063,0.066,0.09,1,1025,4972,66997,5997,"49","National","All",2022-12-04,2022-12-10,49,"3180","national","national","At or Above Threshold"
"62",0.064,0.067,0.09,1,1048,4940,66380,5988,"50","National","All",2022-12-11,2022-12-17,50,"3181","national","national","At or Above Threshold"
"62",0.065,0.068,0.087,1,952,4988,67947,5940,"51","National","All",2022-12-18,2022-12-24,51,"3182","national","national","At or Above Threshold"
"62",0.066,0.069,0.091,1,991,5423,70164,6414,"52","National","All",2022-12-25,2022-12-31,52,"3183","national","national","At or Above Threshold"
"62",0.067,0.07,0.093,1,885,5502,68900,6387,"1","National","All",2023-01-01,2023-01-07,1,"3184","national","national","At or Above Threshold"
"62",0.068,0.071,0.088,1,627,5180,66271,5807,"2","National","All",2023-01-08,2023-01-14,2,"3185","national","national","At or Above Threshold"
"62",0.068,0.071,0.084,1,388,5001,64078,5389,"3","National","All",2023-01-15,2023-01-21,3,"3186","national","national","At or Above Threshold"
"62",0.069,0.072,0.078,1,272,4594,62365,4866,"4","National","All",2023-01-22,2023-01-28,4,"3187","national","national","At or Above Threshold"
"62",0.069,0.072,0.073,1,144,4452,62639,4596,"5","National","All",2023-01-29,2023-02-04,5,"3188","national","national","At or Above Threshold"
"62",0.07,0.073,0.071,1,113,4349,62759,4462,"6","National","All",2023-02-05,2023-02-11,6,"3189","national","national","Normal levels"
"62",0.07,0.073,0.068,1,117,4093,61632,4210,"7","National","All",2023-02-12,2023-02-18,7,"3190","national","national","Normal levels"
"62",0.07,0.073,0.068,1,77,4122,61927,4199,"8","National","All",2023-02-19,2023-02-25,8,"3191","national","national","Normal levels"
"62",0.07,0.073,0.066,1,65,3985,61185,4050,"9","National","All",2023-02-26,2023-03-04,9,"3192","national","national","Normal levels"
"62",0.069,0.072,0.066,1,55,3927,60592,3982,"10","National","All",2023-03-05,2023-03-11,10,"3193","national","national","Normal levels"
"62",0.069,0.072,0.064,1,54,3820,60856,3874,"11","National","All",2023-03-12,2023-03-18,11,"3194","national","national","Normal levels"
"62",0.068,0.071,0.065,1,53,3893,60583,3946,"12","National","All",2023-03-19,2023-03-25,12,"3195","national","national","Normal levels"
"62",0.068,0.071,0.062,1,45,3652,59927,3697,"13","National","All",2023-03-26,2023-04-01,13,"3196","national","national","Normal levels"
"62",0.067,0.07,0.063,1,45,3652,58818,3697,"14","National","All",2023-04-02,2023-04-08,14,"3197","national","national","Normal levels"
"62",0.066,0.069,0.061,1,41,3568,59420,3609,"15","National","All",2023-04-09,2023-04-15,15,"3198","national","national","Normal levels"
"62",0.065,0.068,0.064,1,34,3702,58196,3736,"16","National","All",2023-04-16,2023-04-22,16,"3199","national","national","Normal levels"
"62",0.064,0.068,0.061,1,41,3491,57555,3532,"17","National","All",2023-04-23,2023-04-29,17,"3200","national","national","Normal levels"
"62",0.064,0.067,0.058,1,36,3319,57797,3355,"18","National","All",2023-04-30,2023-05-06,18,"3201","national","national","Normal levels"
"62",0.062,0.066,0.059,1,36,3339,57542,3375,"19","National","All",2023-05-07,2023-05-13,19,"3202","national","national","Normal levels"
"62",0.061,0.064,0.057,1,33,3189,56345,3222,"20","National","All",2023-05-14,2023-05-20,20,"3203","national","national","Normal levels"
"62",0.06,0.063,0.059,1,34,3222,55427,3256,"21","National","All",2023-05-21,2023-05-27,21,"3204","national","national","Normal levels"
"62",0.059,0.062,0.056,1,40,3124,56427,3164,"22","National","All",2023-05-28,2023-06-03,22,"3205","national","national","Normal levels"
"62",0.058,0.061,0.057,1,28,3136,55841,3164,"23","National","All",2023-06-04,2023-06-10,23,"3206","national","national","Normal levels"
"62",0.057,0.06,0.053,1,29,2908,55773,2937,"24","National","All",2023-06-11,2023-06-17,24,"3207","national","national","Normal levels"
"62",0.056,0.059,0.055,1,27,3030,55184,3057,"25","National","All",2023-06-18,2023-06-24,25,"3208","national","national","Normal levels"
"62",0.056,0.059,0.052,1,22,2811,54986,2833,"26","National","All",2023-06-25,2023-07-01,26,"3209","national","national","Normal levels"
"62",0.055,0.058,0.053,1,32,2868,55035,2900,"27","National","All",2023-07-02,2023-07-08,27,"3210","national","national","Normal levels"
"62",0.054,0.057,0.052,1,20,2795,54444,2815,"28","National","All",2023-07-09,2023-07-15,28,"3211","national","national","Normal levels"
"62",0.053,0.056,0.049,1,14,2664,54157,2678,"29","National","All",2023-07-16,2023-07-22,29,"3212","national","national","Normal levels"
"62",0.053,0.056,0.051,1,12,2722,53635,2734,"30","National","All",2023-07-23,2023-07-29,30,"3213","national","national","Normal levels"
"62",0.053,0.056,0.053,1,27,2772,53016,2799,"31","National","All",2023-07-30,2023-08-05,31,"3214","national","national","Normal levels"
"62",0.052,0.055,0.053,1,18,2681,51316,2699,"32","National","All",2023-08-06,2023-08-12,32,"3215","national","national","Normal levels"
"62",0.052,0.055,0.053,0.96,17,2413,45680,2430,"33","National","All",2023-08-13,2023-08-19,33,"3216","national","national","Normal levels"
"62",0.052,0.055,0.055,0.771,15,2009,36696,2024,"34","National","All",2023-08-20,2023-08-26,34,"3217","national","national","At or Above Threshold"
"62",0.052,0.055,0.056,0.358,4,951,17029,955,"35","National","All",2023-08-27,2023-09-02,35,"3218","national","national","At or Above Threshold"
"61",0.054,0.057,0.142,1,20,9741,68969,9761,"40","National","All",2021-10-03,2021-10-09,40,"3119","national","national","At or Above Threshold"
"61",0.055,0.058,0.131,1,11,8853,67422,8864,"41","National","All",2021-10-10,2021-10-16,41,"3120","national","national","At or Above Threshold"
"61",0.056,0.059,0.124,1,15,8253,66923,8268,"42","National","All",2021-10-17,2021-10-23,42,"3121","national","national","At or Above Threshold"
"61",0.057,0.06,0.118,1,14,7788,66321,7802,"43","National","All",2021-10-24,2021-10-30,43,"3122","national","national","At or Above Threshold"
"61",0.058,0.061,0.11,1,7,7303,66494,7310,"44","National","All",2021-10-31,2021-11-06,44,"3123","national","national","At or Above Threshold"
"61",0.059,0.062,0.107,1,26,7204,67323,7230,"45","National","All",2021-11-07,2021-11-13,45,"3124","national","national","At or Above Threshold"
"61",0.06,0.063,0.11,1,16,7324,66813,7340,"46","National","All",2021-11-14,2021-11-20,46,"3125","national","national","At or Above Threshold"
"61",0.061,0.064,0.112,1,19,7590,67820,7609,"47","National","All",2021-11-21,2021-11-27,47,"3126","national","national","At or Above Threshold"
"61",0.062,0.065,0.119,1,37,8324,70021,8361,"48","National","All",2021-11-28,2021-12-04,48,"3127","national","national","At or Above Threshold"
"61",0.063,0.066,0.126,1,56,8985,71984,9041,"49","National","All",2021-12-05,2021-12-11,49,"3128","national","national","At or Above Threshold"
"61",0.064,0.067,0.132,1,58,9304,71176,9362,"50","National","All",2021-12-12,2021-12-18,50,"3129","national","national","At or Above Threshold"
"61",0.065,0.068,0.132,1,86,9418,72134,9504,"51","National","All",2021-12-19,2021-12-25,51,"3130","national","national","At or Above Threshold"
"61",0.066,0.069,0.137,1,152,10050,74247,10202,"52","National","All",2021-12-26,2022-01-01,52,"3131","national","national","At or Above Threshold"
"61",0.067,0.07,0.151,1,187,11812,79662,11999,"1","National","All",2022-01-02,2022-01-08,1,"3132","national","national","At or Above Threshold"
"61",0.067,0.071,0.161,1,141,13527,84939,13668,"2","National","All",2022-01-09,2022-01-15,2,"3133","national","national","At or Above Threshold"
"61",0.068,0.071,0.17,1,149,14394,85506,14543,"3","National","All",2022-01-16,2022-01-22,3,"3134","national","national","At or Above Threshold"
"61",0.069,0.072,0.169,1,93,14248,84921,14341,"4","National","All",2022-01-23,2022-01-29,4,"3135","national","national","At or Above Threshold"
"61",0.069,0.072,0.164,1,89,13231,81198,13320,"5","National","All",2022-01-30,2022-02-05,5,"3136","national","national","At or Above Threshold"
"61",0.069,0.072,0.145,1,85,11090,77123,11175,"6","National","All",2022-02-06,2022-02-12,6,"3137","national","national","At or Above Threshold"
"61",0.069,0.072,0.13,1,67,9147,70887,9214,"7","National","All",2022-02-13,2022-02-19,7,"3138","national","national","At or Above Threshold"
"61",0.069,0.072,0.112,1,65,7301,66059,7366,"8","National","All",2022-02-20,2022-02-26,8,"3139","national","national","At or Above Threshold"
"61",0.069,0.072,0.096,1,62,6113,64399,6175,"9","National","All",2022-02-27,2022-03-05,9,"3140","national","national","At or Above Threshold"
"61",0.069,0.072,0.079,1,65,4828,61793,4893,"10","National","All",2022-03-06,2022-03-12,10,"3141","national","national","At or Above Threshold"
"61",0.068,0.071,0.074,1,64,4403,60517,4467,"11","National","All",2022-03-13,2022-03-19,11,"3142","national","national","At or Above Threshold"
"61",0.068,0.071,0.069,1,84,3940,58509,4024,"12","National","All",2022-03-20,2022-03-26,12,"3143","national","national","Normal levels"
"61",0.067,0.07,0.064,1,75,3615,57991,3690,"13","National","All",2022-03-27,2022-04-02,13,"3144","national","national","Normal levels"
"61",0.067,0.07,0.059,1,95,3340,57779,3435,"14","National","All",2022-04-03,2022-04-09,14,"3145","national","national","Normal levels"
"61",0.066,0.069,0.061,1,94,3414,57774,3508,"15","National","All",2022-04-10,2022-04-16,15,"3146","national","national","Normal levels"
"61",0.065,0.068,0.06,1,105,3309,56656,3414,"16","National","All",2022-04-17,2022-04-23,16,"3147","national","national","Normal levels"
"61",0.064,0.067,0.06,1,95,3321,57277,3416,"17","National","All",2022-04-24,2022-04-30,17,"3148","national","national","Normal levels"
"61",0.063,0.066,0.058,1,82,3257,57445,3339,"18","National","All",2022-05-01,2022-05-07,18,"3149","national","national","Normal levels"
"61",0.062,0.065,0.06,1,100,3382,57852,3482,"19","National","All",2022-05-08,2022-05-14,19,"3150","national","national","Normal levels"
"61",0.061,0.064,0.063,1,88,3512,57591,3600,"20","National","All",2022-05-15,2022-05-21,20,"3151","national","national","Normal levels"
"61",0.06,0.063,0.06,1,83,3366,57033,3449,"21","National","All",2022-05-22,2022-05-28,21,"3152","national","national","Normal levels"
"61",0.059,0.062,0.063,1,83,3530,57524,3613,"22","National","All",2022-05-29,2022-06-04,22,"3153","national","national","At or Above Threshold"
"61",0.058,0.061,0.062,1,71,3522,58003,3593,"23","National","All",2022-06-05,2022-06-11,23,"3154","national","national","At or Above Threshold"
"61",0.057,0.06,0.063,1,74,3565,57703,3639,"24","National","All",2022-06-12,2022-06-18,24,"3155","national","national","At or Above Threshold"
"61",0.056,0.059,0.061,1,35,3507,58237,3542,"25","National","All",2022-06-19,2022-06-25,25,"3156","national","national","At or Above Threshold"
"61",0.055,0.058,0.061,1,40,3477,58004,3517,"26","National","All",2022-06-26,2022-07-02,26,"3157","national","national","At or Above Threshold"
"61",0.054,0.057,0.062,1,35,3589,58110,3624,"27","National","All",2022-07-03,2022-07-09,27,"3158","national","national","At or Above Threshold"
"61",0.053,0.057,0.062,1,17,3592,58396,3609,"28","National","All",2022-07-10,2022-07-16,28,"3159","national","national","At or Above Threshold"
"61",0.053,0.056,0.064,1,24,3810,59725,3834,"29","National","All",2022-07-17,2022-07-23,29,"3160","national","national","At or Above Threshold"
"61",0.052,0.055,0.065,1,23,3815,58737,3838,"30","National","All",2022-07-24,2022-07-30,30,"3161","national","national","At or Above Threshold"
"61",0.052,0.055,0.065,1,16,3809,59158,3825,"31","National","All",2022-07-31,2022-08-06,31,"3162","national","national","At or Above Threshold"
"61",0.052,0.055,0.066,1,15,3841,58561,3856,"32","National","All",2022-08-07,2022-08-13,32,"3163","national","national","At or Above Threshold"
"61",0.052,0.055,0.064,1,19,3732,58408,3751,"33","National","All",2022-08-14,2022-08-20,33,"3164","national","national","At or Above Threshold"
"61",0.052,0.055,0.064,1,14,3692,58253,3706,"34","National","All",2022-08-21,2022-08-27,34,"3165","national","national","At or Above Threshold"
"61",0.052,0.055,0.062,1,12,3573,58051,3585,"35","National","All",2022-08-28,2022-09-03,35,"3166","national","national","At or Above Threshold"
"61",0.052,0.055,0.062,1,19,3609,58656,3628,"36","National","All",2022-09-04,2022-09-10,36,"3167","national","national","At or Above Threshold"
"61",0.053,0.056,0.062,1,17,3594,58219,3611,"37","National","All",2022-09-11,2022-09-17,37,"3168","national","national","At or Above Threshold"
"61",0.053,0.056,0.061,1,20,3587,58717,3607,"38","National","All",2022-09-18,2022-09-24,38,"3169","national","national","At or Above Threshold"
"61",0.054,0.057,0.062,1,23,3576,58518,3599,"39","National","All",2022-09-25,2022-10-01,39,"3170","national","national","At or Above Threshold"
"60",0.053,0.056,0.081,1,8,4829,59712,4837,"40","National","All",2020-09-27,2020-10-03,40,"3066","national","national","At or Above Threshold"
"60",0.054,0.057,0.084,1,12,5186,61672,5198,"41","National","All",2020-10-04,2020-10-10,41,"3067","national","national","At or Above Threshold"
"60",0.055,0.058,0.087,1,16,5218,60507,5234,"42","National","All",2020-10-11,2020-10-17,42,"3068","national","national","At or Above Threshold"
"60",0.056,0.059,0.091,1,15,5646,62093,5661,"43","National","All",2020-10-18,2020-10-24,43,"3069","national","national","At or Above Threshold"
"60",0.057,0.06,0.097,1,21,6145,63327,6166,"44","National","All",2020-10-25,2020-10-31,44,"3070","national","national","At or Above Threshold"
"60",0.058,0.061,0.105,1,21,7090,67473,7111,"45","National","All",2020-11-01,2020-11-07,45,"3071","national","national","At or Above Threshold"
"60",0.059,0.062,0.118,1,20,8060,68729,8080,"46","National","All",2020-11-08,2020-11-14,46,"3072","national","national","At or Above Threshold"
"60",0.06,0.063,0.132,1,30,9419,71539,9449,"47","National","All",2020-11-15,2020-11-21,47,"3073","national","national","At or Above Threshold"
"60",0.061,0.064,0.143,1,27,10465,73182,10492,"48","National","All",2020-11-22,2020-11-28,48,"3074","national","national","At or Above Threshold"
"60",0.062,0.065,0.157,1,35,12071,77275,12106,"49","National","All",2020-11-29,2020-12-05,49,"3075","national","national","At or Above Threshold"
"60",0.063,0.066,0.162,1,29,13269,81861,13298,"50","National","All",2020-12-06,2020-12-12,50,"3076","national","national","At or Above Threshold"
"60",0.064,0.067,0.173,1,32,14293,82800,14325,"51","National","All",2020-12-13,2020-12-19,51,"3077","national","national","At or Above Threshold"
"60",0.065,0.068,0.177,1,32,14894,84224,14926,"52","National","All",2020-12-20,2020-12-26,52,"3078","national","national","At or Above Threshold"
"60",0.066,0.069,0.185,1,43,16037,86858,16080,"53","National","All",2020-12-27,2021-01-02,53,"3079","national","national","At or Above Threshold"
"60",0.067,0.07,0.194,1,32,16800,86888,16832,"1","National","All",2021-01-03,2021-01-09,1,"3080","national","national","At or Above Threshold"
"60",0.067,0.07,0.194,1,36,16884,87232,16920,"2","National","All",2021-01-10,2021-01-16,2,"3081","national","national","At or Above Threshold"
"60",0.068,0.071,0.189,1,31,15777,83539,15808,"3","National","All",2021-01-17,2021-01-23,3,"3082","national","national","At or Above Threshold"
"60",0.068,0.071,0.175,1,34,13832,79051,13866,"4","National","All",2021-01-24,2021-01-30,4,"3083","national","national","At or Above Threshold"
"60",0.069,0.072,0.161,1,28,12257,76350,12285,"5","National","All",2021-01-31,2021-02-06,5,"3084","national","national","At or Above Threshold"
"60",0.069,0.072,0.143,1,24,10202,71387,10226,"6","National","All",2021-02-07,2021-02-13,6,"3085","national","national","At or Above Threshold"
"60",0.069,0.072,0.129,1,15,8921,69373,8936,"7","National","All",2021-02-14,2021-02-20,7,"3086","national","national","At or Above Threshold"
"60",0.069,0.072,0.113,1,18,7520,66619,7538,"8","National","All",2021-02-21,2021-02-27,8,"3087","national","national","At or Above Threshold"
"60",0.069,0.072,0.104,1,26,6579,63578,6605,"9","National","All",2021-02-28,2021-03-06,9,"3088","national","national","At or Above Threshold"
"60",0.068,0.071,0.094,1,13,5769,61752,5782,"10","National","All",2021-03-07,2021-03-13,10,"3089","national","national","At or Above Threshold"
"60",0.068,0.071,0.088,1,6,5306,60245,5312,"11","National","All",2021-03-14,2021-03-20,11,"3090","national","national","At or Above Threshold"
"60",0.067,0.07,0.084,1,17,5088,60712,5105,"12","National","All",2021-03-21,2021-03-27,12,"3091","national","national","At or Above Threshold"
"60",0.067,0.07,0.082,1,17,4757,58569,4774,"13","National","All",2021-03-28,2021-04-03,13,"3092","national","national","At or Above Threshold"
"60",0.066,0.069,0.082,1,12,4954,60884,4966,"14","National","All",2021-04-04,2021-04-10,14,"3093","national","national","At or Above Threshold"
"60",0.065,0.068,0.084,1,7,4952,59020,4959,"15","National","All",2021-04-11,2021-04-17,15,"3094","national","national","At or Above Threshold"
"60",0.064,0.067,0.085,1,15,5122,60147,5137,"16","National","All",2021-04-18,2021-04-24,16,"3095","national","national","At or Above Threshold"
"60",0.063,0.066,0.082,1,6,4873,59688,4879,"17","National","All",2021-04-25,2021-05-01,17,"3096","national","national","At or Above Threshold"
"60",0.062,0.065,0.081,1,9,4771,58890,4780,"18","National","All",2021-05-02,2021-05-08,18,"3097","national","national","At or Above Threshold"
"60",0.061,0.064,0.078,1,10,4529,58334,4539,"19","National","All",2021-05-09,2021-05-15,19,"3098","national","national","At or Above Threshold"
"60",0.06,0.063,0.074,1,9,4350,58634,4359,"20","National","All",2021-05-16,2021-05-22,20,"3099","national","national","At or Above Threshold"
"60",0.059,0.062,0.07,1,5,4017,57217,4022,"21","National","All",2021-05-23,2021-05-29,21,"3100","national","national","At or Above Threshold"
"60",0.058,0.061,0.068,1,8,3883,57352,3891,"22","National","All",2021-05-30,2021-06-05,22,"3101","national","national","At or Above Threshold"
"60",0.057,0.06,0.066,1,6,3748,57001,3754,"23","National","All",2021-06-06,2021-06-12,23,"3102","national","national","At or Above Threshold"
"60",0.056,0.059,0.065,1,11,3691,57106,3702,"24","National","All",2021-06-13,2021-06-19,24,"3103","national","national","At or Above Threshold"
"60",0.055,0.058,0.061,1,8,3474,56765,3482,"25","National","All",2021-06-20,2021-06-26,25,"3104","national","national","At or Above Threshold"
"60",0.054,0.057,0.059,1,7,3384,57403,3391,"26","National","All",2021-06-27,2021-07-03,26,"3105","national","national","At or Above Threshold"
"60",0.054,0.057,0.062,1,3,3554,57051,3557,"27","National","All",2021-07-04,2021-07-10,27,"3106","national","national","At or Above Threshold"
"60",0.053,0.056,0.067,1,8,3833,57061,3841,"28","National","All",2021-07-11,2021-07-17,28,"3107","national","national","At or Above Threshold"
"60",0.052,0.055,0.073,1,9,4229,58323,4238,"29","National","All",2021-07-18,2021-07-24,29,"3108","national","national","At or Above Threshold"
"60",0.052,0.055,0.085,1,10,5094,60182,5104,"30","National","All",2021-07-25,2021-07-31,30,"3109","national","national","At or Above Threshold"
"60",0.052,0.055,0.103,1,11,6534,63602,6545,"31","National","All",2021-08-01,2021-08-07,31,"3110","national","national","At or Above Threshold"
"60",0.051,0.054,0.127,1,11,8489,66880,8500,"32","National","All",2021-08-08,2021-08-14,32,"3111","national","national","At or Above Threshold"
"60",0.051,0.054,0.146,1,11,10163,69810,10174,"33","National","All",2021-08-15,2021-08-21,33,"3112","national","national","At or Above Threshold"
"60",0.051,0.054,0.16,1,16,11500,71976,11516,"34","National","All",2021-08-22,2021-08-28,34,"3113","national","national","At or Above Threshold"
"60",0.052,0.055,0.168,1,32,12316,73352,12348,"35","National","All",2021-08-29,2021-09-04,35,"3114","national","national","At or Above Threshold"
"60",0.052,0.055,0.168,1,15,12325,73565,12340,"36","National","All",2021-09-05,2021-09-11,36,"3115","national","national","At or Above Threshold"
"60",0.052,0.055,0.167,1,17,12169,73144,12186,"37","National","All",2021-09-12,2021-09-18,37,"3116","national","national","At or Above Threshold"
"60",0.053,0.056,0.16,1,18,11511,72034,11529,"38","National","All",2021-09-19,2021-09-25,38,"3117","national","national","At or Above Threshold"
"60",0.053,0.057,0.15,1,19,10683,71197,10702,"39","National","All",2021-09-26,2021-10-02,39,"3118","national","national","At or Above Threshold"
"59",0.053,0.057,0.052,1,17,2714,52536,2731,"40","National","All",2019-09-29,2019-10-05,40,"3014","national","national","Normal levels"
"59",0.054,0.057,0.053,1,16,2782,53067,2798,"41","National","All",2019-10-06,2019-10-12,41,"3015","national","national","Normal levels"
"59",0.055,0.058,0.055,1,18,2992,54314,3010,"42","National","All",2019-10-13,2019-10-19,42,"3016","national","national","Normal levels"
"59",0.056,0.059,0.056,1,30,2995,54035,3025,"43","National","All",2019-10-20,2019-10-26,43,"3017","national","national","Normal levels"
"59",0.057,0.06,0.055,1,31,2928,54065,2959,"44","National","All",2019-10-27,2019-11-02,44,"3018","national","national","Normal levels"
"59",0.058,0.061,0.056,1,31,3081,55665,3112,"45","National","All",2019-11-03,2019-11-09,45,"3019","national","national","Normal levels"
"59",0.059,0.062,0.056,1,39,3106,55856,3145,"46","National","All",2019-11-10,2019-11-16,46,"3020","national","national","Normal levels"
"59",0.06,0.063,0.055,1,50,3014,56159,3064,"47","National","All",2019-11-17,2019-11-23,47,"3021","national","national","Normal levels"
"59",0.061,0.064,0.055,1,66,2996,55422,3062,"48","National","All",2019-11-24,2019-11-30,48,"3022","national","national","Normal levels"
"59",0.062,0.065,0.06,1,101,3329,57249,3430,"49","National","All",2019-12-01,2019-12-07,49,"3023","national","national","Normal levels"
"59",0.063,0.066,0.062,1,111,3480,57623,3591,"50","National","All",2019-12-08,2019-12-14,50,"3024","national","national","Normal levels"
"59",0.064,0.067,0.061,1,129,3392,57399,3521,"51","National","All",2019-12-15,2019-12-21,51,"3025","national","national","Normal levels"
"59",0.065,0.068,0.064,1,203,3539,58443,3742,"52","National","All",2019-12-22,2019-12-28,52,"3026","national","national","Normal levels"
"59",0.066,0.069,0.076,1,432,4102,60028,4534,"1","National","All",2019-12-29,2020-01-04,1,"3027","national","national","At or Above Threshold"
"59",0.066,0.07,0.076,1,472,4137,60588,4609,"2","National","All",2020-01-05,2020-01-11,2,"3028","national","national","At or Above Threshold"
"59",0.067,0.07,0.076,1,465,4057,59217,4522,"3","National","All",2020-01-12,2020-01-18,3,"3029","national","national","At or Above Threshold"
"59",0.068,0.071,0.075,1,498,3905,59020,4403,"4","National","All",2020-01-19,2020-01-25,4,"3030","national","national","At or Above Threshold"
"59",0.068,0.071,0.073,1,480,3810,58701,4290,"5","National","All",2020-01-26,2020-02-01,5,"3031","national","national","At or Above Threshold"
"59",0.068,0.071,0.073,1,519,3816,59355,4335,"6","National","All",2020-02-02,2020-02-08,6,"3032","national","national","At or Above Threshold"
"59",0.068,0.071,0.075,1,560,3839,58699,4399,"7","National","All",2020-02-09,2020-02-15,7,"3033","national","national","At or Above Threshold"
"59",0.068,0.071,0.073,1,566,3711,58771,4277,"8","National","All",2020-02-16,2020-02-22,8,"3034","national","national","At or Above Threshold"
"59",0.068,0.071,0.076,1,655,3837,59203,4492,"9","National","All",2020-02-23,2020-02-29,9,"3035","national","national","At or Above Threshold"
"59",0.068,0.071,0.077,1,634,3976,59570,4610,"10","National","All",2020-03-01,2020-03-07,10,"3036","national","national","At or Above Threshold"
"59",0.068,0.071,0.078,1,625,3971,58553,4596,"11","National","All",2020-03-08,2020-03-14,11,"3037","national","national","At or Above Threshold"
"59",0.067,0.07,0.086,1,558,4543,59096,5101,"12","National","All",2020-03-15,2020-03-21,12,"3038","national","national","At or Above Threshold"
"59",0.067,0.07,0.105,1,445,6169,62873,6614,"13","National","All",2020-03-22,2020-03-28,13,"3039","national","national","At or Above Threshold"
"59",0.066,0.069,0.144,1,476,9911,72145,10387,"14","National","All",2020-03-29,2020-04-04,14,"3040","national","national","At or Above Threshold"
"59",0.065,0.068,0.158,1,473,11988,78946,12461,"15","National","All",2020-04-05,2020-04-11,15,"3041","national","national","At or Above Threshold"
"59",0.065,0.068,0.152,1,263,11405,76697,11668,"16","National","All",2020-04-12,2020-04-18,16,"3042","national","national","At or Above Threshold"
"59",0.064,0.067,0.142,1,143,10369,73774,10512,"17","National","All",2020-04-19,2020-04-25,17,"3043","national","national","At or Above Threshold"
"59",0.063,0.066,0.13,1,66,8929,69181,8995,"18","National","All",2020-04-26,2020-05-02,18,"3044","national","national","At or Above Threshold"
"59",0.062,0.065,0.118,1,48,7825,66709,7873,"19","National","All",2020-05-03,2020-05-09,19,"3045","national","national","At or Above Threshold"
"59",0.061,0.064,0.106,1,22,6779,64399,6801,"20","National","All",2020-05-10,2020-05-16,20,"3046","national","national","At or Above Threshold"
"59",0.06,0.063,0.096,1,24,5894,61520,5918,"21","National","All",2020-05-17,2020-05-23,21,"3047","national","national","At or Above Threshold"
"59",0.059,0.062,0.089,1,12,5266,59595,5278,"22","National","All",2020-05-24,2020-05-30,22,"3048","national","national","At or Above Threshold"
"59",0.058,0.061,0.083,1,11,4895,58804,4906,"23","National","All",2020-05-31,2020-06-06,23,"3049","national","national","At or Above Threshold"
"59",0.057,0.06,0.079,1,11,4539,57920,4550,"24","National","All",2020-06-07,2020-06-13,24,"3050","national","national","At or Above Threshold"
"59",0.056,0.059,0.075,1,8,4363,57904,4371,"25","National","All",2020-06-14,2020-06-20,25,"3051","national","national","At or Above Threshold"
"59",0.055,0.058,0.073,1,12,4271,58392,4283,"26","National","All",2020-06-21,2020-06-27,26,"3052","national","national","At or Above Threshold"
"59",0.054,0.057,0.076,1,4,4559,59702,4563,"27","National","All",2020-06-28,2020-07-04,27,"3053","national","national","At or Above Threshold"
"59",0.053,0.056,0.09,1,10,5535,61800,5545,"28","National","All",2020-07-05,2020-07-11,28,"3054","national","national","At or Above Threshold"
"59",0.052,0.055,0.098,1,13,6182,62998,6195,"29","National","All",2020-07-12,2020-07-18,29,"3055","national","national","At or Above Threshold"
"59",0.052,0.055,0.106,1,11,6765,64122,6776,"30","National","All",2020-07-19,2020-07-25,30,"3056","national","national","At or Above Threshold"
"59",0.051,0.055,0.107,1,13,6840,64121,6853,"31","National","All",2020-07-26,2020-08-01,31,"3057","national","national","At or Above Threshold"
"59",0.051,0.054,0.107,1,10,6805,63576,6815,"32","National","All",2020-08-02,2020-08-08,32,"3058","national","national","At or Above Threshold"
"59",0.051,0.054,0.103,1,5,6508,63511,6513,"33","National","All",2020-08-09,2020-08-15,33,"3059","national","national","At or Above Threshold"
"59",0.051,0.054,0.096,1,12,5968,62440,5980,"34","National","All",2020-08-16,2020-08-22,34,"3060","national","national","At or Above Threshold"
"59",0.051,0.054,0.091,1,12,5541,60980,5553,"35","National","All",2020-08-23,2020-08-29,35,"3061","national","national","At or Above Threshold"
"59",0.051,0.054,0.087,1,9,5204,60126,5213,"36","National","All",2020-08-30,2020-09-05,36,"3062","national","national","At or Above Threshold"
"59",0.052,0.055,0.083,1,7,4942,59548,4949,"37","National","All",2020-09-06,2020-09-12,37,"3063","national","national","At or Above Threshold"
"59",0.052,0.055,0.08,1,5,4772,59638,4777,"38","National","All",2020-09-13,2020-09-19,38,"3064","national","national","At or Above Threshold"
"59",0.053,0.056,0.082,1,4,4933,60506,4937,"39","National","All",2020-09-20,2020-09-26,39,"3065","national","national","At or Above Threshold"
"58",0.055,0.058,0.057,1,10,2969,52357,2979,"40","National","All",2018-09-30,2018-10-06,40,"2962","national","national","Normal levels"
"58",0.056,0.059,0.055,1,12,2865,51849,2877,"41","National","All",2018-10-07,2018-10-13,41,"2963","national","national","Normal levels"
"58",0.056,0.06,0.057,1,18,2989,52979,3007,"42","National","All",2018-10-14,2018-10-20,42,"2964","national","national","Normal levels"
"58",0.057,0.061,0.057,1,24,3065,53763,3089,"43","National","All",2018-10-21,2018-10-27,43,"2965","national","national","Normal levels"
"58",0.058,0.062,0.056,1,25,3003,53638,3028,"44","National","All",2018-10-28,2018-11-03,44,"2966","national","national","Normal levels"
"58",0.059,0.063,0.057,1,30,3022,53561,3052,"45","National","All",2018-11-04,2018-11-10,45,"2967","national","national","Normal levels"
"58",0.06,0.064,0.058,1,26,3143,54698,3169,"46","National","All",2018-11-11,2018-11-17,46,"2968","national","national","Normal levels"
"58",0.062,0.065,0.059,1,31,3178,54847,3209,"47","National","All",2018-11-18,2018-11-24,47,"2969","national","national","Normal levels"
"58",0.063,0.066,0.06,1,38,3287,55060,3325,"48","National","All",2018-11-25,2018-12-01,48,"2970","national","national","Normal levels"
"58",0.064,0.067,0.062,1,56,3399,55967,3455,"49","National","All",2018-12-02,2018-12-08,49,"2971","national","national","Normal levels"
"58",0.065,0.068,0.064,1,51,3552,56387,3603,"50","National","All",2018-12-09,2018-12-15,50,"2972","national","national","Normal levels"
"58",0.066,0.069,0.063,1,88,3490,56528,3578,"51","National","All",2018-12-16,2018-12-22,51,"2973","national","national","Normal levels"
"58",0.067,0.07,0.067,1,141,3636,56026,3777,"52","National","All",2018-12-23,2018-12-29,52,"2974","national","national","Normal levels"
"58",0.067,0.07,0.071,1,211,3919,58285,4130,"1","National","All",2018-12-30,2019-01-05,1,"2975","national","national","At or Above Threshold"
"58",0.068,0.071,0.074,1,259,4055,58350,4314,"2","National","All",2019-01-06,2019-01-12,2,"2976","national","national","At or Above Threshold"
"58",0.069,0.072,0.075,1,246,4098,58206,4344,"3","National","All",2019-01-13,2019-01-19,3,"2977","national","national","At or Above Threshold"
"58",0.069,0.072,0.072,1,276,3898,57892,4174,"4","National","All",2019-01-20,2019-01-26,4,"2978","national","national","At or Above Threshold"
"58",0.07,0.073,0.073,1,327,3893,58137,4220,"5","National","All",2019-01-27,2019-02-02,5,"2979","national","national","At or Above Threshold"
"58",0.07,0.073,0.073,1,367,3890,58513,4257,"6","National","All",2019-02-03,2019-02-09,6,"2980","national","national","At or Above Threshold"
"58",0.07,0.073,0.076,1,483,3896,57988,4379,"7","National","All",2019-02-10,2019-02-16,7,"2981","national","national","At or Above Threshold"
"58",0.07,0.073,0.077,1,474,3987,57984,4461,"8","National","All",2019-02-17,2019-02-23,8,"2982","national","national","At or Above Threshold"
"58",0.07,0.073,0.074,1,516,3758,57957,4274,"9","National","All",2019-02-24,2019-03-02,9,"2983","national","national","At or Above Threshold"
"58",0.07,0.073,0.073,1,543,3752,58529,4295,"10","National","All",2019-03-03,2019-03-09,10,"2984","national","national","At or Above Threshold"
"58",0.069,0.072,0.078,1,511,3978,57893,4489,"11","National","All",2019-03-10,2019-03-16,11,"2985","national","national","At or Above Threshold"
"58",0.069,0.072,0.075,1,480,3797,57077,4277,"12","National","All",2019-03-17,2019-03-23,12,"2986","national","national","At or Above Threshold"
"58",0.068,0.071,0.074,1,459,3714,56661,4173,"13","National","All",2019-03-24,2019-03-30,13,"2987","national","national","At or Above Threshold"
"58",0.067,0.07,0.07,1,339,3633,56588,3972,"14","National","All",2019-03-31,2019-04-06,14,"2988","national","national","At or Above Threshold"
"58",0.066,0.07,0.068,1,303,3450,55477,3753,"15","National","All",2019-04-07,2019-04-13,15,"2989","national","national","Normal levels"
"58",0.066,0.069,0.066,1,202,3414,54458,3616,"16","National","All",2019-04-14,2019-04-20,16,"2990","national","national","Normal levels"
"58",0.065,0.068,0.064,1,156,3273,53644,3429,"17","National","All",2019-04-21,2019-04-27,17,"2991","national","national","Normal levels"
"58",0.064,0.067,0.062,1,97,3223,53971,3320,"18","National","All",2019-04-28,2019-05-04,18,"2992","national","national","Normal levels"
"58",0.062,0.066,0.062,1,68,3229,53454,3297,"19","National","All",2019-05-05,2019-05-11,19,"2993","national","national","Normal levels"
"58",0.061,0.064,0.06,1,50,3158,53563,3208,"20","National","All",2019-05-12,2019-05-18,20,"2994","national","national","Normal levels"
"58",0.06,0.063,0.059,1,30,3149,53679,3179,"21","National","All",2019-05-19,2019-05-25,21,"2995","national","national","Normal levels"
"58",0.059,0.062,0.06,1,29,3117,52709,3146,"22","National","All",2019-05-26,2019-06-01,22,"2996","national","national","Normal levels"
"58",0.058,0.061,0.058,1,21,3045,53124,3066,"23","National","All",2019-06-02,2019-06-08,23,"2997","national","national","Normal levels"
"58",0.057,0.06,0.056,1,16,2934,52633,2950,"24","National","All",2019-06-09,2019-06-15,24,"2998","national","national","Normal levels"
"58",0.056,0.059,0.057,1,13,2952,52272,2965,"25","National","All",2019-06-16,2019-06-22,25,"2999","national","national","Normal levels"
"58",0.055,0.058,0.056,1,15,2898,52186,2913,"26","National","All",2019-06-23,2019-06-29,26,"3000","national","national","Normal levels"
"58",0.054,0.057,0.055,1,13,2864,52331,2877,"27","National","All",2019-06-30,2019-07-06,27,"3001","national","national","Normal levels"
"58",0.053,0.057,0.054,1,11,2770,51911,2781,"28","National","All",2019-07-07,2019-07-13,28,"3002","national","national","Normal levels"
"58",0.053,0.056,0.052,1,5,2679,51636,2684,"29","National","All",2019-07-14,2019-07-20,29,"3003","national","national","Normal levels"
"58",0.052,0.055,0.054,1,8,2762,51645,2770,"30","National","All",2019-07-21,2019-07-27,30,"3004","national","national","Normal levels"
"58",0.052,0.055,0.053,1,6,2737,51397,2743,"31","National","All",2019-07-28,2019-08-03,31,"3005","national","national","Normal levels"
"58",0.051,0.055,0.051,1,7,2645,51728,2652,"32","National","All",2019-08-04,2019-08-10,32,"3006","national","national","Normal levels"
"58",0.051,0.054,0.051,1,8,2601,50984,2609,"33","National","All",2019-08-11,2019-08-17,33,"3007","national","national","Normal levels"
"58",0.051,0.054,0.051,1,6,2602,50999,2608,"34","National","All",2019-08-18,2019-08-24,34,"3008","national","national","Normal levels"
"58",0.051,0.054,0.051,1,13,2618,51143,2631,"35","National","All",2019-08-25,2019-08-31,35,"3009","national","national","Normal levels"
"58",0.052,0.055,0.05,1,12,2583,51805,2595,"36","National","All",2019-09-01,2019-09-07,36,"3010","national","national","Normal levels"
"58",0.052,0.055,0.049,1,16,2515,51610,2531,"37","National","All",2019-09-08,2019-09-14,37,"3011","national","national","Normal levels"
"58",0.052,0.055,0.053,1,14,2709,51741,2723,"38","National","All",2019-09-15,2019-09-21,38,"3012","national","national","Normal levels"
"58",0.053,0.056,0.053,1,16,2780,52740,2796,"39","National","All",2019-09-22,2019-09-28,39,"3013","national","national","Normal levels"
"57",0.057,0.06,0.058,1,16,3022,52110,3038,"40","National","All",2017-10-01,2017-10-07,40,"2910","national","national","Normal levels"
"57",0.058,0.061,0.059,1,18,3001,51578,3019,"41","National","All",2017-10-08,2017-10-14,41,"2911","national","national","Normal levels"
"57",0.059,0.062,0.061,1,28,3156,52228,3184,"42","National","All",2017-10-15,2017-10-21,42,"2912","national","national","Normal levels"
"57",0.06,0.063,0.063,1,23,3279,52548,3302,"43","National","All",2017-10-22,2017-10-28,43,"2913","national","national","At or Above Threshold"
"57",0.061,0.064,0.061,1,36,3215,53679,3251,"44","National","All",2017-10-29,2017-11-04,44,"2914","national","national","Normal levels"
"57",0.062,0.065,0.061,1,45,3180,53258,3225,"45","National","All",2017-11-05,2017-11-11,45,"2915","national","national","Normal levels"
"57",0.063,0.066,0.063,1,50,3315,53771,3365,"46","National","All",2017-11-12,2017-11-18,46,"2916","national","national","Normal levels"
"57",0.064,0.067,0.06,1,48,3202,54120,3250,"47","National","All",2017-11-19,2017-11-25,47,"2917","national","national","Normal levels"
"57",0.065,0.068,0.065,1,83,3493,54760,3576,"48","National","All",2017-11-26,2017-12-02,48,"2918","national","national","Normal levels"
"57",0.066,0.069,0.066,1,118,3528,55595,3646,"49","National","All",2017-12-03,2017-12-09,49,"2919","national","national","Normal levels"
"57",0.067,0.07,0.068,1,165,3759,57370,3924,"50","National","All",2017-12-10,2017-12-16,50,"2920","national","national","Normal levels"
"57",0.068,0.071,0.073,1,359,3987,59505,4346,"51","National","All",2017-12-17,2017-12-23,51,"2921","national","national","At or Above Threshold"
"57",0.069,0.072,0.083,1,671,4418,61090,5089,"52","National","All",2017-12-24,2017-12-30,52,"2922","national","national","At or Above Threshold"
"57",0.07,0.073,0.096,1,1165,5156,66134,6321,"1","National","All",2017-12-31,2018-01-06,1,"2923","national","national","At or Above Threshold"
"57",0.07,0.074,0.105,1,1536,5583,67495,7119,"2","National","All",2018-01-07,2018-01-13,2,"2924","national","national","At or Above Threshold"
"57",0.071,0.074,0.109,1,1626,5412,64646,7038,"3","National","All",2018-01-14,2018-01-20,3,"2925","national","national","At or Above Threshold"
"57",0.072,0.075,0.106,1,1448,5187,62780,6635,"4","National","All",2018-01-21,2018-01-27,4,"2926","national","national","At or Above Threshold"
"57",0.072,0.075,0.102,1,1360,4877,60974,6237,"5","National","All",2018-01-28,2018-02-03,5,"2927","national","national","At or Above Threshold"
"57",0.072,0.075,0.097,1,1243,4689,61110,5932,"6","National","All",2018-02-04,2018-02-10,6,"2928","national","national","At or Above Threshold"
"57",0.072,0.075,0.097,1,1179,4599,59779,5778,"7","National","All",2018-02-11,2018-02-17,7,"2929","national","national","At or Above Threshold"
"57",0.072,0.075,0.092,1,892,4426,57793,5318,"8","National","All",2018-02-18,2018-02-24,8,"2930","national","national","At or Above Threshold"
"57",0.072,0.075,0.084,1,738,4044,56692,4782,"9","National","All",2018-02-25,2018-03-03,9,"2931","national","national","At or Above Threshold"
"57",0.072,0.075,0.08,1,507,4061,57093,4568,"10","National","All",2018-03-04,2018-03-10,10,"2932","national","national","At or Above Threshold"
"57",0.071,0.074,0.076,1,444,3853,56326,4297,"11","National","All",2018-03-11,2018-03-17,11,"2933","national","national","At or Above Threshold"
"57",0.071,0.074,0.074,1,345,3793,55766,4138,"12","National","All",2018-03-18,2018-03-24,12,"2934","national","national","At or Above Threshold"
"57",0.07,0.073,0.074,1,284,3779,54918,4063,"13","National","All",2018-03-25,2018-03-31,13,"2935","national","national","At or Above Threshold"
"57",0.069,0.072,0.072,1,300,3698,55294,3998,"14","National","All",2018-04-01,2018-04-07,14,"2936","national","national","At or Above Threshold"
"57",0.068,0.072,0.069,1,214,3590,55228,3804,"15","National","All",2018-04-08,2018-04-14,15,"2937","national","national","Normal levels"
"57",0.067,0.071,0.066,1,153,3430,54038,3583,"16","National","All",2018-04-15,2018-04-21,16,"2938","national","national","Normal levels"
"57",0.066,0.069,0.065,1,119,3394,53727,3513,"17","National","All",2018-04-22,2018-04-28,17,"2939","national","national","Normal levels"
"57",0.065,0.068,0.061,1,106,3198,53741,3304,"18","National","All",2018-04-29,2018-05-05,18,"2940","national","national","Normal levels"
"57",0.064,0.067,0.059,1,53,3032,52105,3085,"19","National","All",2018-05-06,2018-05-12,19,"2941","national","national","Normal levels"
"57",0.063,0.066,0.059,1,43,2955,50618,2998,"20","National","All",2018-05-13,2018-05-19,20,"2942","national","national","Normal levels"
"57",0.062,0.065,0.058,1,26,2951,50929,2977,"21","National","All",2018-05-20,2018-05-26,21,"2943","national","national","Normal levels"
"57",0.061,0.064,0.057,1,26,2905,51045,2931,"22","National","All",2018-05-27,2018-06-02,22,"2944","national","national","Normal levels"
"57",0.059,0.063,0.056,1,14,2908,52001,2922,"23","National","All",2018-06-03,2018-06-09,23,"2945","national","national","Normal levels"
"57",0.058,0.062,0.057,1,14,2935,51387,2949,"24","National","All",2018-06-10,2018-06-16,24,"2946","national","national","Normal levels"
"57",0.057,0.06,0.056,1,7,2865,51044,2872,"25","National","All",2018-06-17,2018-06-23,25,"2947","national","national","Normal levels"
"57",0.056,0.06,0.057,1,9,2868,50855,2877,"26","National","All",2018-06-24,2018-06-30,26,"2948","national","national","Normal levels"
"57",0.055,0.059,0.054,1,10,2769,51684,2779,"27","National","All",2018-07-01,2018-07-07,27,"2949","national","national","Normal levels"
"57",0.055,0.058,0.054,1,5,2781,51191,2786,"28","National","All",2018-07-08,2018-07-14,28,"2950","national","national","Normal levels"
"57",0.054,0.057,0.054,1,8,2706,50609,2714,"29","National","All",2018-07-15,2018-07-21,29,"2951","national","national","Normal levels"
"57",0.053,0.057,0.054,1,12,2700,50274,2712,"30","National","All",2018-07-22,2018-07-28,30,"2952","national","national","Normal levels"
"57",0.053,0.056,0.053,1,4,2661,50637,2665,"31","National","All",2018-07-29,2018-08-04,31,"2953","national","national","Normal levels"
"57",0.053,0.056,0.053,1,10,2673,50967,2683,"32","National","All",2018-08-05,2018-08-11,32,"2954","national","national","Normal levels"
"57",0.052,0.056,0.052,1,5,2616,50301,2621,"33","National","All",2018-08-12,2018-08-18,33,"2955","national","national","Normal levels"
"57",0.052,0.056,0.054,1,10,2713,50459,2723,"34","National","All",2018-08-19,2018-08-25,34,"2956","national","national","Normal levels"
"57",0.052,0.056,0.052,1,6,2630,50611,2636,"35","National","All",2018-08-26,2018-09-01,35,"2957","national","national","Normal levels"
"57",0.053,0.056,0.055,1,6,2749,50299,2755,"36","National","All",2018-09-02,2018-09-08,36,"2958","national","national","Normal levels"
"57",0.053,0.056,0.054,1,8,2761,51083,2769,"37","National","All",2018-09-09,2018-09-15,37,"2959","national","national","Normal levels"
"57",0.054,0.057,0.055,1,11,2819,51583,2830,"38","National","All",2018-09-16,2018-09-22,38,"2960","national","national","Normal levels"
"57",0.054,0.057,0.055,1,14,2814,50959,2828,"39","National","All",2018-09-23,2018-09-29,39,"2961","national","national","Normal levels"
"56",0.059,0.062,0.059,1,18,3026,51411,3044,"40","National","All",2016-10-02,2016-10-08,40,"2858","national","national","Normal levels"
"56",0.06,0.063,0.061,1,11,3194,52143,3205,"41","National","All",2016-10-09,2016-10-15,41,"2859","national","national","Normal levels"
"56",0.061,0.064,0.062,1,7,3178,51460,3185,"42","National","All",2016-10-16,2016-10-22,42,"2860","national","national","Normal levels"
"56",0.062,0.065,0.061,1,17,3130,51876,3147,"43","National","All",2016-10-23,2016-10-29,43,"2861","national","national","Normal levels"
"56",0.063,0.066,0.06,1,16,3100,51767,3116,"44","National","All",2016-10-30,2016-11-05,44,"2862","national","national","Normal levels"
"56",0.064,0.067,0.061,1,19,3208,52542,3227,"45","National","All",2016-11-06,2016-11-12,45,"2863","national","national","Normal levels"
"56",0.065,0.068,0.06,1,7,3193,53464,3200,"46","National","All",2016-11-13,2016-11-19,46,"2864","national","national","Normal levels"
"56",0.066,0.07,0.062,1,22,3258,53169,3280,"47","National","All",2016-11-20,2016-11-26,47,"2865","national","national","Normal levels"
"56",0.067,0.071,0.065,1,34,3516,54607,3550,"48","National","All",2016-11-27,2016-12-03,48,"2866","national","national","Normal levels"
"56",0.068,0.072,0.066,1,33,3618,55169,3651,"49","National","All",2016-12-04,2016-12-10,49,"2867","national","national","Normal levels"
"56",0.07,0.073,0.068,1,46,3782,56020,3828,"50","National","All",2016-12-11,2016-12-17,50,"2868","national","national","Normal levels"
"56",0.071,0.074,0.068,1,92,3739,56754,3831,"51","National","All",2016-12-18,2016-12-24,51,"2869","national","national","Normal levels"
"56",0.071,0.075,0.074,1,157,4108,57655,4265,"52","National","All",2016-12-25,2016-12-31,52,"2870","national","national","Normal levels"
"56",0.072,0.076,0.081,1,289,4558,59763,4847,"1","National","All",2017-01-01,2017-01-07,1,"2871","national","national","At or Above Threshold"
"56",0.073,0.076,0.08,1,368,4505,60980,4873,"2","National","All",2017-01-08,2017-01-14,2,"2872","national","national","At or Above Threshold"
"56",0.074,0.077,0.084,1,373,4621,59293,4994,"3","National","All",2017-01-15,2017-01-21,3,"2873","national","national","At or Above Threshold"
"56",0.074,0.078,0.083,1,367,4427,58047,4794,"4","National","All",2017-01-22,2017-01-28,4,"2874","national","national","At or Above Threshold"
"56",0.075,0.078,0.082,1,351,4452,58432,4803,"5","National","All",2017-01-29,2017-02-04,5,"2875","national","national","At or Above Threshold"
"56",0.075,0.078,0.082,1,419,4448,59038,4867,"6","National","All",2017-02-05,2017-02-11,6,"2876","national","national","At or Above Threshold"
"56",0.075,0.078,0.085,1,545,4419,58479,4964,"7","National","All",2017-02-12,2017-02-18,7,"2877","national","national","At or Above Threshold"
"56",0.075,0.078,0.085,1,605,4369,58288,4974,"8","National","All",2017-02-19,2017-02-25,8,"2878","national","national","At or Above Threshold"
"56",0.075,0.078,0.084,1,534,4260,57256,4794,"9","National","All",2017-02-26,2017-03-04,9,"2879","national","national","At or Above Threshold"
"56",0.074,0.078,0.082,1,472,4223,57477,4695,"10","National","All",2017-03-05,2017-03-11,10,"2880","national","national","At or Above Threshold"
"56",0.074,0.077,0.079,1,376,4100,56656,4476,"11","National","All",2017-03-12,2017-03-18,11,"2881","national","national","At or Above Threshold"
"56",0.073,0.076,0.077,1,319,4091,57045,4410,"12","National","All",2017-03-19,2017-03-25,12,"2882","national","national","At or Above Threshold"
"56",0.072,0.076,0.076,1,333,3887,55703,4220,"13","National","All",2017-03-26,2017-04-01,13,"2883","national","national","At or Above Threshold"
"56",0.072,0.075,0.074,1,266,3821,55159,4087,"14","National","All",2017-04-02,2017-04-08,14,"2884","national","national","Normal levels"
"56",0.071,0.074,0.073,1,208,3776,54861,3984,"15","National","All",2017-04-09,2017-04-15,15,"2885","national","national","Normal levels"
"56",0.07,0.073,0.069,1,162,3489,53070,3651,"16","National","All",2017-04-16,2017-04-22,16,"2886","national","national","Normal levels"
"56",0.069,0.072,0.067,1,90,3458,53295,3548,"17","National","All",2017-04-23,2017-04-29,17,"2887","national","national","Normal levels"
"56",0.067,0.071,0.064,1,63,3308,52657,3371,"18","National","All",2017-04-30,2017-05-06,18,"2888","national","national","Normal levels"
"56",0.066,0.07,0.063,1,50,3216,51985,3266,"19","National","All",2017-05-07,2017-05-13,19,"2889","national","national","Normal levels"
"56",0.065,0.068,0.062,1,53,3201,52480,3254,"20","National","All",2017-05-14,2017-05-20,20,"2890","national","national","Normal levels"
"56",0.064,0.067,0.061,1,24,3091,50972,3115,"21","National","All",2017-05-21,2017-05-27,21,"2891","national","national","Normal levels"
"56",0.063,0.066,0.059,1,23,3019,51256,3042,"22","National","All",2017-05-28,2017-06-03,22,"2892","national","national","Normal levels"
"56",0.061,0.065,0.061,1,17,3127,51418,3144,"23","National","All",2017-06-04,2017-06-10,23,"2893","national","national","Normal levels"
"56",0.06,0.064,0.061,1,19,3069,50797,3088,"24","National","All",2017-06-11,2017-06-17,24,"2894","national","national","Normal levels"
"56",0.059,0.063,0.059,1,15,2982,51195,2997,"25","National","All",2017-06-18,2017-06-24,25,"2895","national","national","Normal levels"
"56",0.058,0.062,0.059,1,10,2954,50617,2964,"26","National","All",2017-06-25,2017-07-01,26,"2896","national","national","Normal levels"
"56",0.057,0.061,0.056,1,18,2824,50959,2842,"27","National","All",2017-07-02,2017-07-08,27,"2897","national","national","Normal levels"
"56",0.057,0.06,0.061,1,4,3047,49973,3051,"28","National","All",2017-07-09,2017-07-15,28,"2898","national","national","At or Above Threshold"
"56",0.056,0.059,0.055,1,10,2755,50127,2765,"29","National","All",2017-07-16,2017-07-22,29,"2899","national","national","Normal levels"
"56",0.055,0.059,0.058,1,3,2853,49362,2856,"30","National","All",2017-07-23,2017-07-29,30,"2900","national","national","Normal levels"
"56",0.055,0.058,0.054,1,4,2695,50087,2699,"31","National","All",2017-07-30,2017-08-05,31,"2901","national","national","Normal levels"
"56",0.054,0.058,0.054,1,6,2723,50237,2729,"32","National","All",2017-08-06,2017-08-12,32,"2902","national","national","Normal levels"
"56",0.054,0.058,0.054,1,11,2689,50185,2700,"33","National","All",2017-08-13,2017-08-19,33,"2903","national","national","Normal levels"
"56",0.054,0.058,0.056,1,7,2756,49517,2763,"34","National","All",2017-08-20,2017-08-26,34,"2904","national","national","Normal levels"
"56",0.054,0.058,0.054,1,7,2716,50832,2723,"35","National","All",2017-08-27,2017-09-02,35,"2905","national","national","Normal levels"
"56",0.055,0.058,0.056,1,12,2825,50981,2837,"36","National","All",2017-09-03,2017-09-09,36,"2906","national","national","Normal levels"
"56",0.055,0.058,0.059,1,7,3021,51694,3028,"37","National","All",2017-09-10,2017-09-16,37,"2907","national","national","At or Above Threshold"
"56",0.056,0.059,0.058,1,16,2935,51230,2951,"38","National","All",2017-09-17,2017-09-23,38,"2908","national","national","Normal levels"
"56",0.056,0.059,0.057,1,19,2888,51343,2907,"39","National","All",2017-09-24,2017-09-30,39,"2909","national","national","Normal levels"
"55",0.061,0.065,0.063,1,14,3207,51096,3221,"40","National","All",2015-10-04,2015-10-10,40,"2806","national","national","Normal levels"
"55",0.062,0.066,0.063,1,7,3145,50038,3152,"41","National","All",2015-10-11,2015-10-17,41,"2807","national","national","Normal levels"
"55",0.063,0.067,0.064,1,16,3227,50925,3243,"42","National","All",2015-10-18,2015-10-24,42,"2808","national","national","Normal levels"
"55",0.064,0.068,0.063,1,17,3171,50483,3188,"43","National","All",2015-10-25,2015-10-31,43,"2809","national","national","Normal levels"
"55",0.065,0.069,0.066,1,20,3355,51176,3375,"44","National","All",2015-11-01,2015-11-07,44,"2810","national","national","Normal levels"
"55",0.067,0.07,0.064,1,14,3228,50750,3242,"45","National","All",2015-11-08,2015-11-14,45,"2811","national","national","Normal levels"
"55",0.068,0.071,0.065,1,13,3358,51812,3371,"46","National","All",2015-11-15,2015-11-21,46,"2812","national","national","Normal levels"
"55",0.069,0.073,0.065,1,14,3337,51492,3351,"47","National","All",2015-11-22,2015-11-28,47,"2813","national","national","Normal levels"
"55",0.07,0.074,0.067,1,22,3461,52067,3483,"48","National","All",2015-11-29,2015-12-05,48,"2814","national","national","Normal levels"
"55",0.071,0.075,0.066,1,20,3537,53752,3557,"49","National","All",2015-12-06,2015-12-12,49,"2815","national","national","Normal levels"
"55",0.072,0.076,0.067,1,26,3482,52268,3508,"50","National","All",2015-12-13,2015-12-19,50,"2816","national","national","Normal levels"
"55",0.073,0.077,0.067,1,15,3535,53213,3550,"51","National","All",2015-12-20,2015-12-26,51,"2817","national","national","Normal levels"
"55",0.074,0.078,0.075,1,31,3925,52613,3956,"52","National","All",2015-12-27,2016-01-02,52,"2818","national","national","Normal levels"
"55",0.075,0.079,0.077,1,32,4246,55863,4278,"1","National","All",2016-01-03,2016-01-09,1,"2819","national","national","Normal levels"
"55",0.076,0.079,0.078,1,30,4284,55594,4314,"2","National","All",2016-01-10,2016-01-16,2,"2820","national","national","Normal levels"
"55",0.077,0.08,0.074,1,36,4048,55226,4084,"3","National","All",2016-01-17,2016-01-23,3,"2821","national","national","Normal levels"
"55",0.077,0.081,0.075,1,50,4116,55664,4166,"4","National","All",2016-01-24,2016-01-30,4,"2822","national","national","Normal levels"
"55",0.077,0.081,0.075,1,61,4086,55138,4147,"5","National","All",2016-01-31,2016-02-06,5,"2823","national","national","Normal levels"
"55",0.078,0.081,0.074,1,93,3991,55460,4084,"6","National","All",2016-02-07,2016-02-13,6,"2824","national","national","Normal levels"
"55",0.078,0.081,0.075,1,149,4051,56170,4200,"7","National","All",2016-02-14,2016-02-20,7,"2825","national","national","Normal levels"
"55",0.077,0.081,0.08,1,187,4232,55201,4419,"8","National","All",2016-02-21,2016-02-27,8,"2826","national","national","Normal levels"
"55",0.077,0.081,0.081,1,257,4253,55929,4510,"9","National","All",2016-02-28,2016-03-05,9,"2827","national","national","At or Above Threshold"
"55",0.077,0.08,0.082,1,295,4288,56228,4583,"10","National","All",2016-03-06,2016-03-12,10,"2828","national","national","At or Above Threshold"
"55",0.076,0.08,0.083,1,351,4154,54583,4505,"11","National","All",2016-03-13,2016-03-19,11,"2829","national","national","At or Above Threshold"
"55",0.076,0.079,0.082,1,295,4194,54811,4489,"12","National","All",2016-03-20,2016-03-26,12,"2830","national","national","At or Above Threshold"
"55",0.075,0.078,0.077,1,282,3896,53942,4178,"13","National","All",2016-03-27,2016-04-02,13,"2831","national","national","Normal levels"
"55",0.074,0.077,0.078,1,250,3945,54071,4195,"14","National","All",2016-04-03,2016-04-09,14,"2832","national","national","At or Above Threshold"
"55",0.073,0.076,0.076,1,196,3891,53494,4087,"15","National","All",2016-04-10,2016-04-16,15,"2833","national","national","At or Above Threshold"
"55",0.072,0.075,0.072,1,148,3684,53162,3832,"16","National","All",2016-04-17,2016-04-23,16,"2834","national","national","Normal levels"
"55",0.071,0.074,0.069,1,127,3402,51080,3529,"17","National","All",2016-04-24,2016-04-30,17,"2835","national","national","Normal levels"
"55",0.069,0.073,0.068,1,91,3403,51282,3494,"18","National","All",2016-05-01,2016-05-07,18,"2836","national","national","Normal levels"
"55",0.068,0.072,0.065,1,74,3240,51005,3314,"19","National","All",2016-05-08,2016-05-14,19,"2837","national","national","Normal levels"
"55",0.067,0.07,0.066,1,34,3290,50470,3324,"20","National","All",2016-05-15,2016-05-21,20,"2838","national","national","Normal levels"
"55",0.066,0.069,0.064,1,30,3199,50491,3229,"21","National","All",2016-05-22,2016-05-28,21,"2839","national","national","Normal levels"
"55",0.064,0.068,0.061,1,17,3025,49712,3042,"22","National","All",2016-05-29,2016-06-04,22,"2840","national","national","Normal levels"
"55",0.063,0.067,0.064,1,17,3175,49917,3192,"23","National","All",2016-06-05,2016-06-11,23,"2841","national","national","Normal levels"
"55",0.062,0.065,0.059,1,18,2920,49913,2938,"24","National","All",2016-06-12,2016-06-18,24,"2842","national","national","Normal levels"
"55",0.061,0.064,0.058,1,12,2876,49623,2888,"25","National","All",2016-06-19,2016-06-25,25,"2843","national","national","Normal levels"
"55",0.06,0.063,0.059,1,10,2915,49753,2925,"26","National","All",2016-06-26,2016-07-02,26,"2844","national","national","Normal levels"
"55",0.059,0.062,0.059,1,10,2914,49702,2924,"27","National","All",2016-07-03,2016-07-09,27,"2845","national","national","Normal levels"
"55",0.058,0.062,0.059,1,6,2926,49637,2932,"28","National","All",2016-07-10,2016-07-16,28,"2846","national","national","Normal levels"
"55",0.057,0.061,0.056,1,5,2768,49281,2773,"29","National","All",2016-07-17,2016-07-23,29,"2847","national","national","Normal levels"
"55",0.057,0.06,0.057,1,5,2804,49699,2809,"30","National","All",2016-07-24,2016-07-30,30,"2848","national","national","Normal levels"
"55",0.056,0.06,0.058,1,2,2846,49510,2848,"31","National","All",2016-07-31,2016-08-06,31,"2849","national","national","Normal levels"
"55",0.056,0.06,0.057,1,2,2827,49743,2829,"32","National","All",2016-08-07,2016-08-13,32,"2850","national","national","Normal levels"
"55",0.056,0.059,0.058,1,5,2867,49812,2872,"33","National","All",2016-08-14,2016-08-20,33,"2851","national","national","Normal levels"
"55",0.056,0.059,0.057,1,6,2827,49516,2833,"34","National","All",2016-08-21,2016-08-27,34,"2852","national","national","Normal levels"
"55",0.056,0.06,0.058,1,5,2869,49585,2874,"35","National","All",2016-08-28,2016-09-03,35,"2853","national","national","Normal levels"
"55",0.056,0.06,0.058,1,5,2881,50084,2886,"36","National","All",2016-09-04,2016-09-10,36,"2854","national","national","Normal levels"
"55",0.057,0.06,0.062,1,8,3093,49924,3101,"37","National","All",2016-09-11,2016-09-17,37,"2855","national","national","At or Above Threshold"
"55",0.057,0.061,0.061,1,9,3017,49889,3026,"38","National","All",2016-09-18,2016-09-24,38,"2856","national","national","At or Above Threshold"
"55",0.058,0.061,0.06,1,11,2986,50265,2997,"39","National","All",2016-09-25,2016-10-01,39,"2857","national","national","Normal levels"
